child_ID,child_forename,child_surname,DOB
1,Henry,Wilson,1996-12-20
2,Alexander,Brown,1995-12-10
3,Aisha,Hassan,1993-02-03
4,Lily,Williams,1996-12-25
5,Daniel,Evans,1997-09-07
6,Zaynab,Mustafa,1994-05-21
7,Noah,Weber,1995-08-14
8,Oliver,Smith,1997-01-17
9,Mei,Lin,1993-11-30
10,Jamal,Al-Hakim,1996-06-09
11,Ivan,Petrov,1994-02-28
12,Charlotte,McKinsey,1995-07-23
13,William,Davis,1995-10-04
14,Grace,Turner,1993-01-12
15,Yelena,Popova,1996-07-06
16,Alexander,Novak,1994-03-16
17,Svetlana,Wojcik,1997-02-08
18,Lily,Williams,1993-05-10
19,Zaynab,Khalid,1995-08-01
20,Benjamin,Dupont,1996-09-24
21,Charles,Baker,1994-04-27
22,Chukwudi,Abiola,1995-11-19
23,Amelia,White,1993-07-30
24,Malik,Aziz,1997-05-15
25,Emma,Johnson,1996-02-02
26,Ahmed,Patel,1994-09-12
27,Thabo,Ndlovu,1997-10-20
28,Anya,Ioannou,1995-04-08
29,Simba,Mwangi,1996-03-25
30,Malik,Ali,1994-01-06
31,Oliver,Smith,1997-11-01
32,Lily,Williams,1999-09-16
33,Emily,Jones,1995-05-04
34,Nia,Jalloh,1994-11-26
35,Leila,Tanaka,1997-07-14
36,Joseph,Clark,1994-02-19
37,James,Miller,1995-12-14
38,Kwame,Osei,1994-08-29
39,Leila,El-Masri,1996-09-05
40,Emre,Sahin,1994-10-31
41,Murat,Yilmaz,1997-03-20
42,Amelia,White,1995-04-01
43,Ella,Lewis,1996-06-25
44,Isabella,Al-Mansoor,1993-03-09
45,Charlotte,Brown,1994-04-15
46,Liam,Moore,1995-07-11
47,Elena,Antoniou,1997-07-18
48,Sofia,Petrova,1996-09-02
49,Leila,Tanaka,1993-12-22
50,Amelia,White,1995-11-08
